review_id,project_id,predecessor_task_id,successor_task_id,dependency_type,lag,lag_unit,evidence_basis,reference_system,source_file,source_sheet,source_evidence,selection_reason,active,decision,reviewer,review_date,rationale
def66c2c4b9ff6a9f24d9b6c79684851a4a225c6ff7b592f0b0eaadf3cbcd9e5,P02,P02:WBS:10,P02:WBS:49,FS,0.0,none,reconciled_inference,wbs,Primary Dataset/P019 - P02 Landfill Cell.xlsx,Program Links,"[{""evidence_id"":""P02:D43:1"",""source_cell"":""D43"",""source_field"":""predecessors_raw"",""stored_expression"":""10"",""interpreted_token"":""10"",""reference"":""10"",""original_dependency_type"":""FS"",""dependency_type"":""FS"",""lag"":0.0,""lag_unit"":""none""},{""evidence_id"":""P02:E11:2"",""source_cell"":""E11"",""source_field"":""successors_raw"",""stored_expression"":""11,42"",""interpreted_token"":""42"",""reference"":""42"",""original_dependency_type"":""FS"",""dependency_type"":""FS"",""lag"":0.0,""lag_unit"":""none""}]",complete_policy_category,True,pending,,,
02f7c6e688a7380b47e95bf32ee9afc6b5690b851844f95345326a396c4487d7,P02,P02:WBS:12,P02:WBS:51,FS,0.0,none,reconciled_inference,wbs,Primary Dataset/P019 - P02 Landfill Cell.xlsx,Program Links,"[{""evidence_id"":""P02:D44:1"",""source_cell"":""D44"",""source_field"":""predecessors_raw"",""stored_expression"":""12"",""interpreted_token"":""12"",""reference"":""12"",""original_dependency_type"":""FS"",""dependency_type"":""FS"",""lag"":0.0,""lag_unit"":""none""},{""evidence_id"":""P02:E13:4"",""source_cell"":""E13"",""source_field"":""successors_raw"",""stored_expression"":""13,28,33,43"",""interpreted_token"":""43"",""reference"":""43"",""original_dependency_type"":""FS"",""dependency_type"":""FS"",""lag"":0.0,""lag_unit"":""none""}]",complete_policy_category,True,pending,,,
3a47c79ce94f15d28d573a2cae6ecdd35044a8eec8c15260683143234cce3ba9,P02,P02:WBS:16,P02:WBS:52,FS,0.0,none,reconciled_inference,wbs,Primary Dataset/P019 - P02 Landfill Cell.xlsx,Program Links,"[{""evidence_id"":""P02:D45:1"",""source_cell"":""D45"",""source_field"":""predecessors_raw"",""stored_expression"":""16"",""interpreted_token"":""16"",""reference"":""16"",""original_dependency_type"":""FS"",""dependency_type"":""FS"",""lag"":0.0,""lag_unit"":""none""},{""evidence_id"":""P02:E17:2"",""source_cell"":""E17"",""source_field"":""successors_raw"",""stored_expression"":""17,44"",""interpreted_token"":""44"",""reference"":""44"",""original_dependency_type"":""FS"",""dependency_type"":""FS"",""lag"":0.0,""lag_unit"":""none""}]",complete_policy_category,True,pending,,,
bdf198a9e1d6fbbf2a9b71163ed473e6942182d9aa739cd09293063115a840cc,P02,P02:WBS:25,P02:WBS:48,FS,0.0,none,reconciled_inference,wbs,Primary Dataset/P019 - P02 Landfill Cell.xlsx,Program Links,"[{""evidence_id"":""P02:D42:1"",""source_cell"":""D42"",""source_field"":""predecessors_raw"",""stored_expression"":""25"",""interpreted_token"":""25"",""reference"":""25"",""original_dependency_type"":""FS"",""dependency_type"":""FS"",""lag"":0.0,""lag_unit"":""none""},{""evidence_id"":""P02:E26:1"",""source_cell"":""E26"",""source_field"":""successors_raw"",""stored_expression"":""41"",""interpreted_token"":""41"",""reference"":""41"",""original_dependency_type"":""FS"",""dependency_type"":""FS"",""lag"":0.0,""lag_unit"":""none""}]",complete_policy_category,True,pending,,,
96ea9689f815b4f0cf190ec68584661b73fe9058ff4e2f8f41ca6a9b70c941c1,P02,P02:WBS:48,P02:WBS:2,FS,0.0,none,reconciled_inference,wbs,Primary Dataset/P019 - P02 Landfill Cell.xlsx,Program Links,"[{""evidence_id"":""P02:D3:3"",""source_cell"":""D3"",""source_field"":""predecessors_raw"",""stored_expression"":""36,21,41,31,29,35,6"",""interpreted_token"":""41"",""reference"":""41"",""original_dependency_type"":""FS"",""dependency_type"":""FS"",""lag"":0.0,""lag_unit"":""none""},{""evidence_id"":""P02:E42:1"",""source_cell"":""E42"",""source_field"":""successors_raw"",""stored_expression"":""2"",""interpreted_token"":""2"",""reference"":""2"",""original_dependency_type"":""FS"",""dependency_type"":""FS"",""lag"":0.0,""lag_unit"":""none""}]",complete_policy_category,True,pending,,,
af25cc90f6cda30b7d476f9bf5b992a0ba37c07e94520ca57aff31975a0a6970,P02,P02:WBS:49,P02:WBS:11,FS,0.0,none,reconciled_inference,wbs,Primary Dataset/P019 - P02 Landfill Cell.xlsx,Program Links,"[{""evidence_id"":""P02:D12:2"",""source_cell"":""D12"",""source_field"":""predecessors_raw"",""stored_expression"":""10,42"",""interpreted_token"":""42"",""reference"":""42"",""original_dependency_type"":""FS"",""dependency_type"":""FS"",""lag"":0.0,""lag_unit"":""none""},{""evidence_id"":""P02:E43:1"",""source_cell"":""E43"",""source_field"":""successors_raw"",""stored_expression"":""11"",""interpreted_token"":""11"",""reference"":""11"",""original_dependency_type"":""FS"",""dependency_type"":""FS"",""lag"":0.0,""lag_unit"":""none""}]",complete_policy_category,True,pending,,,
48b1954ca0caba140b5478ebcc8d4ba589bf7ae6d716a79d1ff2d1c3c59e336f,P02,P02:WBS:51,P02:WBS:13,FS,0.0,none,reconciled_inference,wbs,Primary Dataset/P019 - P02 Landfill Cell.xlsx,Program Links,"[{""evidence_id"":""P02:D14:2"",""source_cell"":""D14"",""source_field"":""predecessors_raw"",""stored_expression"":""12,43,33"",""interpreted_token"":""43"",""reference"":""43"",""original_dependency_type"":""FS"",""dependency_type"":""FS"",""lag"":0.0,""lag_unit"":""none""},{""evidence_id"":""P02:E44:1"",""source_cell"":""E44"",""source_field"":""successors_raw"",""stored_expression"":""13"",""interpreted_token"":""13"",""reference"":""13"",""original_dependency_type"":""FS"",""dependency_type"":""FS"",""lag"":0.0,""lag_unit"":""none""}]",complete_policy_category,True,pending,,,
3e8d76a3186f77f87f70ffd1a63b778a06f5c901186350cb88c859502c2430f8,P02,P02:WBS:52,P02:WBS:17,FS,0.0,none,reconciled_inference,wbs,Primary Dataset/P019 - P02 Landfill Cell.xlsx,Program Links,"[{""evidence_id"":""P02:D18:2"",""source_cell"":""D18"",""source_field"":""predecessors_raw"",""stored_expression"":""16,44"",""interpreted_token"":""44"",""reference"":""44"",""original_dependency_type"":""FS"",""dependency_type"":""FS"",""lag"":0.0,""lag_unit"":""none""},{""evidence_id"":""P02:E45:1"",""source_cell"":""E45"",""source_field"":""successors_raw"",""stored_expression"":""17,26"",""interpreted_token"":""17"",""reference"":""17"",""original_dependency_type"":""FS"",""dependency_type"":""FS"",""lag"":0.0,""lag_unit"":""none""}]",complete_policy_category,True,pending,,,
8a187f9e7a066c5b44c6b7ca0977265e88c05bd4913d9309373ba4c7ddf158ce,P02,P02:WBS:52,P02:WBS:26,FS,0.0,none,reconciled_inference,wbs,Primary Dataset/P019 - P02 Landfill Cell.xlsx,Program Links,"[{""evidence_id"":""P02:D27:1"",""source_cell"":""D27"",""source_field"":""predecessors_raw"",""stored_expression"":""44"",""interpreted_token"":""44"",""reference"":""44"",""original_dependency_type"":""FS"",""dependency_type"":""FS"",""lag"":0.0,""lag_unit"":""none""},{""evidence_id"":""P02:E45:2"",""source_cell"":""E45"",""source_field"":""successors_raw"",""stored_expression"":""17,26"",""interpreted_token"":""26"",""reference"":""26"",""original_dependency_type"":""FS"",""dependency_type"":""FS"",""lag"":0.0,""lag_unit"":""none""}]",complete_policy_category,True,pending,,,
f86df12dcf394da3526af23ea8d7800297a8ac5aa1b2ef7654103d5ffc38d205,P03,P03:WBS:1,P03:WBS:113,FS,0.0,none,reconciled_inference,wbs,Primary Dataset/P020 - P03 Regional Bypass Road.xlsx,Program Links,"[{""evidence_id"":""P03:D113:1"",""source_cell"":""D113"",""source_field"":""predecessors_raw"",""stored_expression"":""3"",""interpreted_token"":""3"",""reference"":""3"",""original_dependency_type"":""FS"",""dependency_type"":""FS"",""lag"":0.0,""lag_unit"":""none""},{""evidence_id"":""P03:E3:5"",""source_cell"":""E3"",""source_field"":""successors_raw"",""stored_expression"":""5,8,73,75,113"",""interpreted_token"":""113"",""reference"":""113"",""original_dependency_type"":""FS"",""dependency_type"":""FS"",""lag"":0.0,""lag_unit"":""none""}]",complete_policy_category,True,pending,,,
646ec585a3442649945356a8ad6e2db83a6f1ea0d370d289b156c8834f3612c0,P03,P03:WBS:1,P03:WBS:5,FS,0.0,none,reconciled_inference,wbs,Primary Dataset/P020 - P03 Regional Bypass Road.xlsx,Program Links,"[{""evidence_id"":""P03:D5:1"",""source_cell"":""D5"",""source_field"":""predecessors_raw"",""stored_expression"":""3,8"",""interpreted_token"":""3"",""reference"":""3"",""original_dependency_type"":""FS"",""dependency_type"":""FS"",""lag"":0.0,""lag_unit"":""none""},{""evidence_id"":""P03:E3:1"",""source_cell"":""E3"",""source_field"":""successors_raw"",""stored_expression"":""5,8,73,75,113"",""interpreted_token"":""5"",""reference"":""5"",""original_dependency_type"":""FS"",""dependency_type"":""FS"",""lag"":0.0,""lag_unit"":""none""}]",complete_policy_category,True,pending,,,
b1be9a09a1524df79add5c80995b8b957c53f5184c114ae09feaf247b2655952,P03,P03:WBS:1,P03:WBS:73,FS,0.0,none,reconciled_inference,wbs,Primary Dataset/P020 - P03 Regional Bypass Road.xlsx,Program Links,"[{""evidence_id"":""P03:D73:1"",""source_cell"":""D73"",""source_field"":""predecessors_raw"",""stored_expression"":""3,5"",""interpreted_token"":""3"",""reference"":""3"",""original_dependency_type"":""FS"",""dependency_type"":""FS"",""lag"":0.0,""lag_unit"":""none""},{""evidence_id"":""P03:E3:3"",""source_cell"":""E3"",""source_field"":""successors_raw"",""stored_expression"":""5,8,73,75,113"",""interpreted_token"":""73"",""reference"":""73"",""original_dependency_type"":""FS"",""dependency_type"":""FS"",""lag"":0.0,""lag_unit"":""none""}]",complete_policy_category,True,pending,,,
0b33443216bf9f31bddc70b28121b3e8cea48dde3ce1dfe957807bd8eab99ca1,P03,P03:WBS:1,P03:WBS:75,FS,0.0,none,reconciled_inference,wbs,Primary Dataset/P020 - P03 Regional Bypass Road.xlsx,Program Links,"[{""evidence_id"":""P03:D75:1"",""source_cell"":""D75"",""source_field"":""predecessors_raw"",""stored_expression"":""3108"",""interpreted_token"":""3"",""reference"":""3"",""original_dependency_type"":""FS"",""dependency_type"":""FS"",""lag"":0.0,""lag_unit"":""none""},{""evidence_id"":""P03:E3:4"",""source_cell"":""E3"",""source_field"":""successors_raw"",""stored_expression"":""5,8,73,75,113"",""interpreted_token"":""75"",""reference"":""75"",""original_dependency_type"":""FS"",""dependency_type"":""FS"",""lag"":0.0,""lag_unit"":""none""}]",complete_policy_category,True,pending,,,
73addbd6890d19bd829a8bfd2368df140a00889120c32d7ce831e725c7c83077,P03,P03:WBS:1,P03:WBS:8,FS,0.0,none,reconciled_inference,wbs,Primary Dataset/P020 - P03 Regional Bypass Road.xlsx,Program Links,"[{""evidence_id"":""P03:D8:1"",""source_cell"":""D8"",""source_field"":""predecessors_raw"",""stored_expression"":""3"",""interpreted_token"":""3"",""reference"":""3"",""original_dependency_type"":""FS"",""dependency_type"":""FS"",""lag"":0.0,""lag_unit"":""none""},{""evidence_id"":""P03:E3:2"",""source_cell"":""E3"",""source_field"":""successors_raw"",""stored_expression"":""5,8,73,75,113"",""interpreted_token"":""8"",""reference"":""8"",""original_dependency_type"":""FS"",""dependency_type"":""FS"",""lag"":0.0,""lag_unit"":""none""}]",complete_policy_category,True,pending,,,
0f6ec5e8b734ccc5bf551163193bf94ad74364d5e06f6c7621e129f75f929f78,P03,P03:WBS:10,P03:WBS:2,FS,0.0,none,reconciled_inference,wbs,Primary Dataset/P020 - P03 Regional Bypass Road.xlsx,Program Links,"[{""evidence_id"":""P03:D4:1"",""source_cell"":""D4"",""source_field"":""predecessors_raw"",""stored_expression"":""10,108,115,145,6,70,105,75"",""interpreted_token"":""10"",""reference"":""10"",""original_dependency_type"":""FS"",""dependency_type"":""FS"",""lag"":0.0,""lag_unit"":""none""},{""evidence_id"":""P03:E10:1"",""source_cell"":""E10"",""source_field"":""successors_raw"",""stored_expression"":""4"",""interpreted_token"":""4"",""reference"":""4"",""original_dependency_type"":""FS"",""dependency_type"":""FS"",""lag"":0.0,""lag_unit"":""none""}]",complete_policy_category,True,pending,,,
9ccc5be5ad4858f3776da9acf003b2989c26d148429abcef75138a86bf1a7f1f,P03,P03:WBS:105,P03:WBS:2,FS,0.0,none,reconciled_inference,wbs,Primary Dataset/P020 - P03 Regional Bypass Road.xlsx,Program Links,"[{""evidence_id"":""P03:D4:7"",""source_cell"":""D4"",""source_field"":""predecessors_raw"",""stored_expression"":""10,108,115,145,6,70,105,75"",""interpreted_token"":""105"",""reference"":""105"",""original_dependency_type"":""FS"",""dependency_type"":""FS"",""lag"":0.0,""lag_unit"":""none""},{""evidence_id"":""P03:E105:1"",""source_cell"":""E105"",""source_field"":""successors_raw"",""stored_expression"":""4"",""interpreted_token"":""4"",""reference"":""4"",""original_dependency_type"":""FS"",""dependency_type"":""FS"",""lag"":0.0,""lag_unit"":""none""}]",complete_policy_category,True,pending,,,
00ff9898c1b1d487e0ece8885a8972033ce9114434137acfc7b79426bf2e3f6a,P03,P03:WBS:108,P03:WBS:2,FS,0.0,none,reconciled_inference,wbs,Primary Dataset/P020 - P03 Regional Bypass Road.xlsx,Program Links,"[{""evidence_id"":""P03:D4:2"",""source_cell"":""D4"",""source_field"":""predecessors_raw"",""stored_expression"":""10,108,115,145,6,70,105,75"",""interpreted_token"":""108"",""reference"":""108"",""original_dependency_type"":""FS"",""dependency_type"":""FS"",""lag"":0.0,""lag_unit"":""none""},{""evidence_id"":""P03:E108:1"",""source_cell"":""E108"",""source_field"":""successors_raw"",""stored_expression"":""4,75"",""interpreted_token"":""4"",""reference"":""4"",""original_dependency_type"":""FS"",""dependency_type"":""FS"",""lag"":0.0,""lag_unit"":""none""}]",complete_policy_category,True,pending,,,
742771383570d3ac80fd1b698b617bc37de9fedc16a1d5daf01abe71e0d665a8,P03,P03:WBS:115,P03:WBS:2,FS,0.0,none,reconciled_inference,wbs,Primary Dataset/P020 - P03 Regional Bypass Road.xlsx,Program Links,"[{""evidence_id"":""P03:D4:3"",""source_cell"":""D4"",""source_field"":""predecessors_raw"",""stored_expression"":""10,108,115,145,6,70,105,75"",""interpreted_token"":""115"",""reference"":""115"",""original_dependency_type"":""FS"",""dependency_type"":""FS"",""lag"":0.0,""lag_unit"":""none""},{""evidence_id"":""P03:E115:1"",""source_cell"":""E115"",""source_field"":""successors_raw"",""stored_expression"":""4"",""interpreted_token"":""4"",""reference"":""4"",""original_dependency_type"":""FS"",""dependency_type"":""FS"",""lag"":0.0,""lag_unit"":""none""}]",complete_policy_category,True,pending,,,
85cb8233c42a296fd70606e821f07f641f74584e91b9a670940ecbf928758e17,P03,P03:WBS:145,P03:WBS:2,FS,0.0,none,reconciled_inference,wbs,Primary Dataset/P020 - P03 Regional Bypass Road.xlsx,Program Links,"[{""evidence_id"":""P03:D4:4"",""source_cell"":""D4"",""source_field"":""predecessors_raw"",""stored_expression"":""10,108,115,145,6,70,105,75"",""interpreted_token"":""145"",""reference"":""145"",""original_dependency_type"":""FS"",""dependency_type"":""FS"",""lag"":0.0,""lag_unit"":""none""},{""evidence_id"":""P03:E145:1"",""source_cell"":""E145"",""source_field"":""successors_raw"",""stored_expression"":""4,18"",""interpreted_token"":""4"",""reference"":""4"",""original_dependency_type"":""FS"",""dependency_type"":""FS"",""lag"":0.0,""lag_unit"":""none""}]",complete_policy_category,True,pending,,,
98ad699fd0bbfee5d0197e91254b4136057a7343e98d650e1b990d768dd4f144,P03,P03:WBS:161,P03:WBS:20,FS,0.0,none,reconciled_inference,wbs,Primary Dataset/P020 - P03 Regional Bypass Road.xlsx,Program Links,"[{""evidence_id"":""P03:D20:2"",""source_cell"":""D20"",""source_field"":""predecessors_raw"",""stored_expression"":""19151"",""interpreted_token"":""151"",""reference"":""151"",""original_dependency_type"":""FS"",""dependency_type"":""FS"",""lag"":0.0,""lag_unit"":""none""},{""evidence_id"":""P03:E149:1"",""source_cell"":""E149"",""source_field"":""successors_raw"",""stored_expression"":""20"",""interpreted_token"":""20"",""reference"":""20"",""original_dependency_type"":""FS"",""dependency_type"":""FS"",""lag"":0.0,""lag_unit"":""none""}]",complete_policy_category,True,pending,,,
b1b5e206d698b65fe44183f3ab3699b7f786917f39977623f8ee728da82556c8,P03,P03:WBS:162,P03:WBS:19,FS,0.0,none,reconciled_inference,wbs,Primary Dataset/P020 - P03 Regional Bypass Road.xlsx,Program Links,"[{""evidence_id"":""P03:D19:2"",""source_cell"":""D19"",""source_field"":""predecessors_raw"",""stored_expression"":""18152"",""interpreted_token"":""152"",""reference"":""152"",""original_dependency_type"":""FS"",""dependency_type"":""FS"",""lag"":0.0,""lag_unit"":""none""},{""evidence_id"":""P03:E150:1"",""source_cell"":""E150"",""source_field"":""successors_raw"",""stored_expression"":""19"",""interpreted_token"":""19"",""reference"":""19"",""original_dependency_type"":""FS"",""dependency_type"":""FS"",""lag"":0.0,""lag_unit"":""none""}]",complete_policy_category,True,pending,,,
154156b8256b432b0c5ab0da992c52184620bea46fffe3a896c39f8252739451,P03,P03:WBS:168,P03:WBS:23,FS,0.0,none,reconciled_inference,wbs,Primary Dataset/P020 - P03 Regional Bypass Road.xlsx,Program Links,"[{""evidence_id"":""P03:D23:2"",""source_cell"":""D23"",""source_field"":""predecessors_raw"",""stored_expression"":""24153"",""interpreted_token"":""153"",""reference"":""153"",""original_dependency_type"":""FS"",""dependency_type"":""FS"",""lag"":0.0,""lag_unit"":""none""},{""evidence_id"":""P03:E151:1"",""source_cell"":""E151"",""source_field"":""successors_raw"",""stored_expression"":""23"",""interpreted_token"":""23"",""reference"":""23"",""original_dependency_type"":""FS"",""dependency_type"":""FS"",""lag"":0.0,""lag_unit"":""none""}]",complete_policy_category,True,pending,,,
678c136a2ada1a50b53360ae7e52a6cc8a8b98f20323f2000be0d86043bc1bce,P03,P03:WBS:18,P03:WBS:162,FS,0.0,none,reconciled_inference,wbs,Primary Dataset/P020 - P03 Regional Bypass Road.xlsx,Program Links,"[{""evidence_id"":""P03:D150:1"",""source_cell"":""D150"",""source_field"":""predecessors_raw"",""stored_expression"":""18"",""interpreted_token"":""18"",""reference"":""18"",""original_dependency_type"":""FS"",""dependency_type"":""FS"",""lag"":0.0,""lag_unit"":""none""},{""evidence_id"":""P03:E18:3"",""source_cell"":""E18"",""source_field"":""successors_raw"",""stored_expression"":""19,45,152"",""interpreted_token"":""152"",""reference"":""152"",""original_dependency_type"":""FS"",""dependency_type"":""FS"",""lag"":0.0,""lag_unit"":""none""}]",complete_policy_category,True,pending,,,
397d03c95d16eb25e46ea4b5287ad45f2e6d2f6d55b0fe17706a0feb3caacb67,P03,P03:WBS:19,P03:WBS:161,FS,0.0,none,reconciled_inference,wbs,Primary Dataset/P020 - P03 Regional Bypass Road.xlsx,Program Links,"[{""evidence_id"":""P03:D149:1"",""source_cell"":""D149"",""source_field"":""predecessors_raw"",""stored_expression"":""19"",""interpreted_token"":""19"",""reference"":""19"",""original_dependency_type"":""FS"",""dependency_type"":""FS"",""lag"":0.0,""lag_unit"":""none""},{""evidence_id"":""P03:E19:2"",""source_cell"":""E19"",""source_field"":""successors_raw"",""stored_expression"":""20151"",""interpreted_token"":""151"",""reference"":""151"",""original_dependency_type"":""FS"",""dependency_type"":""FS"",""lag"":0.0,""lag_unit"":""none""}]",complete_policy_category,True,pending,,,
bcc302eccc1ee3e5441e7604d13eba239fb2d3aa65a4034c2dc75c6a24689a57,P03,P03:WBS:24,P03:WBS:168,FS,0.0,none,reconciled_inference,wbs,Primary Dataset/P020 - P03 Regional Bypass Road.xlsx,Program Links,"[{""evidence_id"":""P03:D151:1"",""source_cell"":""D151"",""source_field"":""predecessors_raw"",""stored_expression"":""24"",""interpreted_token"":""24"",""reference"":""24"",""original_dependency_type"":""FS"",""dependency_type"":""FS"",""lag"":0.0,""lag_unit"":""none""},{""evidence_id"":""P03:E24:2"",""source_cell"":""E24"",""source_field"":""successors_raw"",""stored_expression"":""23153"",""interpreted_token"":""153"",""reference"":""153"",""original_dependency_type"":""FS"",""dependency_type"":""FS"",""lag"":0.0,""lag_unit"":""none""}]",complete_policy_category,True,pending,,,
d02f4d7d365e294a7c9767ba1dbd475e889f861a14e45dfb1f2b98f95f2de444,P03,P03:WBS:6,P03:WBS:2,FS,0.0,none,reconciled_inference,wbs,Primary Dataset/P020 - P03 Regional Bypass Road.xlsx,Program Links,"[{""evidence_id"":""P03:D4:5"",""source_cell"":""D4"",""source_field"":""predecessors_raw"",""stored_expression"":""10,108,115,145,6,70,105,75"",""interpreted_token"":""6"",""reference"":""6"",""original_dependency_type"":""FS"",""dependency_type"":""FS"",""lag"":0.0,""lag_unit"":""none""},{""evidence_id"":""P03:E6:1"",""source_cell"":""E6"",""source_field"":""successors_raw"",""stored_expression"":""4"",""interpreted_token"":""4"",""reference"":""4"",""original_dependency_type"":""FS"",""dependency_type"":""FS"",""lag"":0.0,""lag_unit"":""none""}]",complete_policy_category,True,pending,,,
1d79b72fd851aee7774287c02c9f29ccaeabedab034a9e6a36236f1976ffb999,P03,P03:WBS:70,P03:WBS:2,FS,0.0,none,reconciled_inference,wbs,Primary Dataset/P020 - P03 Regional Bypass Road.xlsx,Program Links,"[{""evidence_id"":""P03:D4:6"",""source_cell"":""D4"",""source_field"":""predecessors_raw"",""stored_expression"":""10,108,115,145,6,70,105,75"",""interpreted_token"":""70"",""reference"":""70"",""original_dependency_type"":""FS"",""dependency_type"":""FS"",""lag"":0.0,""lag_unit"":""none""},{""evidence_id"":""P03:E70:1"",""source_cell"":""E70"",""source_field"":""successors_raw"",""stored_expression"":""4"",""interpreted_token"":""4"",""reference"":""4"",""original_dependency_type"":""FS"",""dependency_type"":""FS"",""lag"":0.0,""lag_unit"":""none""}]",complete_policy_category,True,pending,,,
e748e15b54c438f6cf5739171f2146cff510a3b6f17360e1dbf54ce0e105aea2,P03,P03:WBS:75,P03:WBS:2,FS,0.0,none,reconciled_inference,wbs,Primary Dataset/P020 - P03 Regional Bypass Road.xlsx,Program Links,"[{""evidence_id"":""P03:D4:8"",""source_cell"":""D4"",""source_field"":""predecessors_raw"",""stored_expression"":""10,108,115,145,6,70,105,75"",""interpreted_token"":""75"",""reference"":""75"",""original_dependency_type"":""FS"",""dependency_type"":""FS"",""lag"":0.0,""lag_unit"":""none""},{""evidence_id"":""P03:E75:1"",""source_cell"":""E75"",""source_field"":""successors_raw"",""stored_expression"":""4"",""interpreted_token"":""4"",""reference"":""4"",""original_dependency_type"":""FS"",""dependency_type"":""FS"",""lag"":0.0,""lag_unit"":""none""}]",complete_policy_category,True,pending,,,
8f0b2d7b38124d7d02115880cef2ea2c3a743d48b37629cdc5d8abb666f1d91b,P06,P06:WBS:141,P06:WBS:146,FF,0.0,none,explicit_type_precedence,worksheet_row,Primary Dataset/P024 - P06 Urban Road Reconstruction.xlsx,Program Links,"[{""evidence_id"":""P06:D150:4"",""source_cell"":""D150"",""source_field"":""predecessors_raw"",""stored_expression"":""132,143,144,145FF,147"",""interpreted_token"":""145FF"",""reference"":""145"",""original_dependency_type"":""FF"",""dependency_type"":""FF"",""lag"":0.0,""lag_unit"":""none""},{""evidence_id"":""P06:E145:1"",""source_cell"":""E145"",""source_field"":""successors_raw"",""stored_expression"":""150"",""interpreted_token"":""150"",""reference"":""150"",""original_dependency_type"":""FS"",""dependency_type"":""FF"",""lag"":0.0,""lag_unit"":""none""}]",complete_policy_category,True,pending,,,
79f799d00bc7eeb7152ef89a20dedd9af9eeac68ab5bd0371a8b3d4b963f4e33,P17,P17:ROW:3,P17:WBS:5,FS,0.0,none,reconciled_inference,wbs,Primary Dataset/P038 - P17 Marina Sub-division.xlsx,Program Links,"[{""evidence_id"":""P17:E5:1"",""source_cell"":""E5"",""source_field"":""predecessors_raw"",""stored_expression"":""3"",""interpreted_token"":""3"",""reference"":""3"",""original_dependency_type"":""FS"",""dependency_type"":""FS"",""lag"":0.0,""lag_unit"":""none""},{""evidence_id"":""P17:F3:1"",""source_cell"":""F3"",""source_field"":""successors_raw"",""stored_expression"":""5"",""interpreted_token"":""5"",""reference"":""5"",""original_dependency_type"":""FS"",""dependency_type"":""FS"",""lag"":0.0,""lag_unit"":""none""}]",complete_policy_category,True,pending,,,
2c39ceb3b38321f6998863fe2dcab1dae53099865bcd3b5295241e19f5805d2d,P17,P17:WBS:114,P17:ROW:4,FS,0.0,none,reconciled_inference,wbs,Primary Dataset/P038 - P17 Marina Sub-division.xlsx,Program Links,"[{""evidence_id"":""P17:E4:3"",""source_cell"":""E4"",""source_field"":""predecessors_raw"",""stored_expression"":""34,96,114"",""interpreted_token"":""114"",""reference"":""114"",""original_dependency_type"":""FS"",""dependency_type"":""FS"",""lag"":0.0,""lag_unit"":""none""},{""evidence_id"":""P17:F114:1"",""source_cell"":""F114"",""source_field"":""successors_raw"",""stored_expression"":""4"",""interpreted_token"":""4"",""reference"":""4"",""original_dependency_type"":""FS"",""dependency_type"":""FS"",""lag"":0.0,""lag_unit"":""none""}]",complete_policy_category,True,pending,,,
7eeab8b2c34e583bd6a52a55f67b482297d9b566bd4231601ae598c99070d1c5,P17,P17:WBS:34,P17:ROW:4,FS,0.0,none,reconciled_inference,wbs,Primary Dataset/P038 - P17 Marina Sub-division.xlsx,Program Links,"[{""evidence_id"":""P17:E4:1"",""source_cell"":""E4"",""source_field"":""predecessors_raw"",""stored_expression"":""34,96,114"",""interpreted_token"":""34"",""reference"":""34"",""original_dependency_type"":""FS"",""dependency_type"":""FS"",""lag"":0.0,""lag_unit"":""none""},{""evidence_id"":""P17:F34:1"",""source_cell"":""F34"",""source_field"":""successors_raw"",""stored_expression"":""4"",""interpreted_token"":""4"",""reference"":""4"",""original_dependency_type"":""FS"",""dependency_type"":""FS"",""lag"":0.0,""lag_unit"":""none""}]",complete_policy_category,True,pending,,,
df3455f632912d7c729aaa054c7e8df9f934e99839ee03d44235c4d85d3430e7,P17,P17:WBS:96,P17:ROW:4,FS,0.0,none,reconciled_inference,wbs,Primary Dataset/P038 - P17 Marina Sub-division.xlsx,Program Links,"[{""evidence_id"":""P17:E4:2"",""source_cell"":""E4"",""source_field"":""predecessors_raw"",""stored_expression"":""34,96,114"",""interpreted_token"":""96"",""reference"":""96"",""original_dependency_type"":""FS"",""dependency_type"":""FS"",""lag"":0.0,""lag_unit"":""none""},{""evidence_id"":""P17:F96:1"",""source_cell"":""F96"",""source_field"":""successors_raw"",""stored_expression"":""4"",""interpreted_token"":""4"",""reference"":""4"",""original_dependency_type"":""FS"",""dependency_type"":""FS"",""lag"":0.0,""lag_unit"":""none""}]",complete_policy_category,True,pending,,,
937f19eb42f944f33944f09ef370e546264e840b08cc7125472b58dfcec90dd4,P01,P01:WBS:181,P01:WBS:165,FS,0.0,none,source_reciprocal,wbs,Primary Dataset/P018 - P01 Airport Carpark.xlsx,Program Links,"[{""evidence_id"":""P01:D166:4"",""source_cell"":""D166"",""source_field"":""predecessors_raw"",""stored_expression"":""54FF,164,175,181"",""interpreted_token"":""181"",""reference"":""181"",""original_dependency_type"":""FS"",""dependency_type"":""FS"",""lag"":0.0,""lag_unit"":""none""},{""evidence_id"":""P01:E182:1"",""source_cell"":""E182"",""source_field"":""successors_raw"",""stored_expression"":""165"",""interpreted_token"":""165"",""reference"":""165"",""original_dependency_type"":""FS"",""dependency_type"":""FS"",""lag"":0.0,""lag_unit"":""none""}]",seed_42_project_sample,True,pending,,,
5e0cdb67342193eb2a10d99c315cdf2fe3e9b89074bfd56e56421fc9ceb4b31b,P01,P01:WBS:78,P01:WBS:203,FF,0.0,none,source_reciprocal,wbs,Primary Dataset/P018 - P01 Airport Carpark.xlsx,Program Links,"[{""evidence_id"":""P01:D204:1"",""source_cell"":""D204"",""source_field"":""predecessors_raw"",""stored_expression"":""78FF,202"",""interpreted_token"":""78FF"",""reference"":""78"",""original_dependency_type"":""FF"",""dependency_type"":""FF"",""lag"":0.0,""lag_unit"":""none""},{""evidence_id"":""P01:E79:2"",""source_cell"":""E79"",""source_field"":""successors_raw"",""stored_expression"":""79,203FF"",""interpreted_token"":""203FF"",""reference"":""203"",""original_dependency_type"":""FF"",""dependency_type"":""FF"",""lag"":0.0,""lag_unit"":""none""}]",seed_42_project_sample,True,pending,,,
af3ecde48dc1e4bec28834b18293b8fa9c36e3a80ab56534e4f5c482d90a2478,P01,P01:WBS:133,P01:WBS:134,FS,0.0,none,source_reciprocal,wbs,Primary Dataset/P018 - P01 Airport Carpark.xlsx,Program Links,"[{""evidence_id"":""P01:D135:1"",""source_cell"":""D135"",""source_field"":""predecessors_raw"",""stored_expression"":""133"",""interpreted_token"":""133"",""reference"":""133"",""original_dependency_type"":""FS"",""dependency_type"":""FS"",""lag"":0.0,""lag_unit"":""none""},{""evidence_id"":""P01:E134:1"",""source_cell"":""E134"",""source_field"":""successors_raw"",""stored_expression"":""134"",""interpreted_token"":""134"",""reference"":""134"",""original_dependency_type"":""FS"",""dependency_type"":""FS"",""lag"":0.0,""lag_unit"":""none""}]",seed_42_project_sample,True,pending,,,
57db7c2af0be6ef75a8fa731c2e8df84e4186266f0d346a8efbbfe96e71004d5,P01,P01:WBS:33,P01:WBS:38,FS,0.0,none,source_reciprocal,wbs,Primary Dataset/P018 - P01 Airport Carpark.xlsx,Program Links,"[{""evidence_id"":""P01:D39:1"",""source_cell"":""D39"",""source_field"":""predecessors_raw"",""stored_expression"":""33,35,206,161"",""interpreted_token"":""33"",""reference"":""33"",""original_dependency_type"":""FS"",""dependency_type"":""FS"",""lag"":0.0,""lag_unit"":""none""},{""evidence_id"":""P01:E34:2"",""source_cell"":""E34"",""source_field"":""successors_raw"",""stored_expression"":""34,38,187FF,161,163FF,206FF"",""interpreted_token"":""38"",""reference"":""38"",""original_dependency_type"":""FS"",""dependency_type"":""FS"",""lag"":0.0,""lag_unit"":""none""}]",seed_42_project_sample,True,pending,,,
139e6139d1c7de4ec8b0550d1a245427c764a2a0b845c736e8f6707ecb46b98b,P01,P01:WBS:230,P01:WBS:231,FS,0.0,none,source_reciprocal,wbs,Primary Dataset/P018 - P01 Airport Carpark.xlsx,Program Links,"[{""evidence_id"":""P01:D232:2"",""source_cell"":""D232"",""source_field"":""predecessors_raw"",""stored_expression"":""61FF,230"",""interpreted_token"":""230"",""reference"":""230"",""original_dependency_type"":""FS"",""dependency_type"":""FS"",""lag"":0.0,""lag_unit"":""none""},{""evidence_id"":""P01:E231:1"",""source_cell"":""E231"",""source_field"":""successors_raw"",""stored_expression"":""231"",""interpreted_token"":""231"",""reference"":""231"",""original_dependency_type"":""FS"",""dependency_type"":""FS"",""lag"":0.0,""lag_unit"":""none""}]",seed_42_project_sample,True,pending,,,
0d9649a307e0eea6d1d6eeeca36404ce199db6ade18c33bf50ceb07bb946ec6a,P02,P02:WBS:33,P02:WBS:38,FS,0.0,none,source_reciprocal,wbs,Primary Dataset/P019 - P02 Landfill Cell.xlsx,Program Links,"[{""evidence_id"":""P02:D39:1"",""source_cell"":""D39"",""source_field"":""predecessors_raw"",""stored_expression"":""33"",""interpreted_token"":""33"",""reference"":""33"",""original_dependency_type"":""FS"",""dependency_type"":""FS"",""lag"":0.0,""lag_unit"":""none""},{""evidence_id"":""P02:E34:2"",""source_cell"":""E34"",""source_field"":""successors_raw"",""stored_expression"":""34,38,13"",""interpreted_token"":""38"",""reference"":""38"",""original_dependency_type"":""FS"",""dependency_type"":""FS"",""lag"":0.0,""lag_unit"":""none""}]",seed_42_project_sample,True,pending,,,
2f246883b284e13b35ea6678d1077daccea3e81e2ef13866f54ca0bdcddce5fb,P02,P02:WBS:20,P02:WBS:23,FS,0.0,none,source_reciprocal,wbs,Primary Dataset/P019 - P02 Landfill Cell.xlsx,Program Links,"[{""evidence_id"":""P02:D24:2"",""source_cell"":""D24"",""source_field"":""predecessors_raw"",""stored_expression"":""4,20"",""interpreted_token"":""20"",""reference"":""20"",""original_dependency_type"":""FS"",""dependency_type"":""FS"",""lag"":0.0,""lag_unit"":""none""},{""evidence_id"":""P02:E21:2"",""source_cell"":""E21"",""source_field"":""successors_raw"",""stored_expression"":""21,23,36"",""interpreted_token"":""23"",""reference"":""23"",""original_dependency_type"":""FS"",""dependency_type"":""FS"",""lag"":0.0,""lag_unit"":""none""}]",seed_42_project_sample,True,pending,,,
69752b135310f2ea150ccbc9eaac87a709b3f636d2bfd3ebcab991df73a49452,P02,P02:WBS:14,P02:WBS:35,FS,0.0,none,source_reciprocal,wbs,Primary Dataset/P019 - P02 Landfill Cell.xlsx,Program Links,"[{""evidence_id"":""P02:D36:2"",""source_cell"":""D36"",""source_field"":""predecessors_raw"",""stored_expression"":""34,14"",""interpreted_token"":""14"",""reference"":""14"",""original_dependency_type"":""FS"",""dependency_type"":""FS"",""lag"":0.0,""lag_unit"":""none""},{""evidence_id"":""P02:E15:1"",""source_cell"":""E15"",""source_field"":""successors_raw"",""stored_expression"":""35"",""interpreted_token"":""35"",""reference"":""35"",""original_dependency_type"":""FS"",""dependency_type"":""FS"",""lag"":0.0,""lag_unit"":""none""}]",seed_42_project_sample,True,pending,,,
5f711009837e8ab4f32c4a22b9e12f740f16d427d34892e72c28d921582d81d6,P02,P02:WBS:34,P02:WBS:35,FS,0.0,none,source_reciprocal,wbs,Primary Dataset/P019 - P02 Landfill Cell.xlsx,Program Links,"[{""evidence_id"":""P02:D36:1"",""source_cell"":""D36"",""source_field"":""predecessors_raw"",""stored_expression"":""34,14"",""interpreted_token"":""34"",""reference"":""34"",""original_dependency_type"":""FS"",""dependency_type"":""FS"",""lag"":0.0,""lag_unit"":""none""},{""evidence_id"":""P02:E35:1"",""source_cell"":""E35"",""source_field"":""successors_raw"",""stored_expression"":""35"",""interpreted_token"":""35"",""reference"":""35"",""original_dependency_type"":""FS"",""dependency_type"":""FS"",""lag"":0.0,""lag_unit"":""none""}]",seed_42_project_sample,True,pending,,,
03f45bbb2fcc3fde18169d56778fda29ecb496251dd7ab02866b9864522011f2,P02,P02:WBS:12,P02:WBS:13,FS,0.0,none,source_reciprocal,wbs,Primary Dataset/P019 - P02 Landfill Cell.xlsx,Program Links,"[{""evidence_id"":""P02:D14:1"",""source_cell"":""D14"",""source_field"":""predecessors_raw"",""stored_expression"":""12,43,33"",""interpreted_token"":""12"",""reference"":""12"",""original_dependency_type"":""FS"",""dependency_type"":""FS"",""lag"":0.0,""lag_unit"":""none""},{""evidence_id"":""P02:E13:1"",""source_cell"":""E13"",""source_field"":""successors_raw"",""stored_expression"":""13,28,33,43"",""interpreted_token"":""13"",""reference"":""13"",""original_dependency_type"":""FS"",""dependency_type"":""FS"",""lag"":0.0,""lag_unit"":""none""}]",seed_42_project_sample,True,pending,,,
d5bcae0690a342df0641cf62a48ca59b245bbf9aa8a0c62a531952801fb87fb0,P03,P03:WBS:33,P03:WBS:34,FS,0.0,none,source_reciprocal,wbs,Primary Dataset/P020 - P03 Regional Bypass Road.xlsx,Program Links,"[{""evidence_id"":""P03:D34:1"",""source_cell"":""D34"",""source_field"":""predecessors_raw"",""stored_expression"":""33,37"",""interpreted_token"":""33"",""reference"":""33"",""original_dependency_type"":""FS"",""dependency_type"":""FS"",""lag"":0.0,""lag_unit"":""none""},{""evidence_id"":""P03:E33:1"",""source_cell"":""E33"",""source_field"":""successors_raw"",""stored_expression"":""34,35FF"",""interpreted_token"":""34"",""reference"":""34"",""original_dependency_type"":""FS"",""dependency_type"":""FS"",""lag"":0.0,""lag_unit"":""none""}]",seed_42_project_sample,True,pending,,,
e7131b86e2487a94f98fc44c227706060a37878b4fe41c55a043e1c946187962,P03,P03:WBS:78,P03:WBS:95,FS,0.0,none,source_reciprocal,wbs,Primary Dataset/P020 - P03 Regional Bypass Road.xlsx,Program Links,"[{""evidence_id"":""P03:D95:1"",""source_cell"":""D95"",""source_field"":""predecessors_raw"",""stored_expression"":""78,94"",""interpreted_token"":""78"",""reference"":""78"",""original_dependency_type"":""FS"",""dependency_type"":""FS"",""lag"":0.0,""lag_unit"":""none""},{""evidence_id"":""P03:E78:1"",""source_cell"":""E78"",""source_field"":""successors_raw"",""stored_expression"":""95"",""interpreted_token"":""95"",""reference"":""95"",""original_dependency_type"":""FS"",""dependency_type"":""FS"",""lag"":0.0,""lag_unit"":""none""}]",seed_42_project_sample,True,pending,,,
79068a40773dac9818fd34e0134c739c0b1162dcbc8a5010c40c14e33e4023df,P03,P03:WBS:87,P03:WBS:78,FS,0.0,none,source_reciprocal,wbs,Primary Dataset/P020 - P03 Regional Bypass Road.xlsx,Program Links,"[{""evidence_id"":""P03:D78:1"",""source_cell"":""D78"",""source_field"":""predecessors_raw"",""stored_expression"":""87,85"",""interpreted_token"":""87"",""reference"":""87"",""original_dependency_type"":""FS"",""dependency_type"":""FS"",""lag"":0.0,""lag_unit"":""none""},{""evidence_id"":""P03:E87:1"",""source_cell"":""E87"",""source_field"":""successors_raw"",""stored_expression"":""78"",""interpreted_token"":""78"",""reference"":""78"",""original_dependency_type"":""FS"",""dependency_type"":""FS"",""lag"":0.0,""lag_unit"":""none""}]",seed_42_project_sample,True,pending,,,
abc3a80278aa0cf283fc17d69fc7f76dde4299996cc0028aa6ab9996b5097a1d,P03,P03:WBS:18,P03:WBS:45,FS,0.0,none,source_reciprocal,wbs,Primary Dataset/P020 - P03 Regional Bypass Road.xlsx,Program Links,"[{""evidence_id"":""P03:D45:2"",""source_cell"":""D45"",""source_field"":""predecessors_raw"",""stored_expression"":""5,18,22"",""interpreted_token"":""18"",""reference"":""18"",""original_dependency_type"":""FS"",""dependency_type"":""FS"",""lag"":0.0,""lag_unit"":""none""},{""evidence_id"":""P03:E18:2"",""source_cell"":""E18"",""source_field"":""successors_raw"",""stored_expression"":""19,45,152"",""interpreted_token"":""45"",""reference"":""45"",""original_dependency_type"":""FS"",""dependency_type"":""FS"",""lag"":0.0,""lag_unit"":""none""}]",seed_42_project_sample,True,pending,,,
cc8cf7ff0b14dcb50e45919d6cd59a6b004ff5712be1181f996cbcff9c39b0a5,P03,P03:WBS:90,P03:WBS:93,FS,0.0,none,source_reciprocal,wbs,Primary Dataset/P020 - P03 Regional Bypass Road.xlsx,Program Links,"[{""evidence_id"":""P03:D93:1"",""source_cell"":""D93"",""source_field"":""predecessors_raw"",""stored_expression"":""90"",""interpreted_token"":""90"",""reference"":""90"",""original_dependency_type"":""FS"",""dependency_type"":""FS"",""lag"":0.0,""lag_unit"":""none""},{""evidence_id"":""P03:E90:1"",""source_cell"":""E90"",""source_field"":""successors_raw"",""stored_expression"":""93"",""interpreted_token"":""93"",""reference"":""93"",""original_dependency_type"":""FS"",""dependency_type"":""FS"",""lag"":0.0,""lag_unit"":""none""}]",seed_42_project_sample,True,pending,,,
1929579bd06c5cfdeec723defcbb07cf8f41f697198fd519bf7a006fee1249db,P04,P04:WBS:4,P04:WBS:6,FS,0.0,none,source_reciprocal,wbs,Primary Dataset/P021 - P04 Regional Arterial Pavement Repairs.xlsx,Program Links,"[{""evidence_id"":""P04:D6:1"",""source_cell"":""D6"",""source_field"":""predecessors_raw"",""stored_expression"":""4"",""interpreted_token"":""4"",""reference"":""4"",""original_dependency_type"":""FS"",""dependency_type"":""FS"",""lag"":0.0,""lag_unit"":""none""},{""evidence_id"":""P04:E4:1"",""source_cell"":""E4"",""source_field"":""successors_raw"",""stored_expression"":""6,8FF,7FF"",""interpreted_token"":""6"",""reference"":""6"",""original_dependency_type"":""FS"",""dependency_type"":""FS"",""lag"":0.0,""lag_unit"":""none""}]",seed_42_project_sample,True,pending,,,
a322736dc25516f4b9f79928ba9b007c9a4c12b4085a7561cbe0c0180c5788ac,P04,P04:WBS:4,P04:WBS:7,FF,0.0,none,source_reciprocal,wbs,Primary Dataset/P021 - P04 Regional Arterial Pavement Repairs.xlsx,Program Links,"[{""evidence_id"":""P04:D7:1"",""source_cell"":""D7"",""source_field"":""predecessors_raw"",""stored_expression"":""4FF"",""interpreted_token"":""4FF"",""reference"":""4"",""original_dependency_type"":""FF"",""dependency_type"":""FF"",""lag"":0.0,""lag_unit"":""none""},{""evidence_id"":""P04:E4:3"",""source_cell"":""E4"",""source_field"":""successors_raw"",""stored_expression"":""6,8FF,7FF"",""interpreted_token"":""7FF"",""reference"":""7"",""original_dependency_type"":""FF"",""dependency_type"":""FF"",""lag"":0.0,""lag_unit"":""none""}]",seed_42_project_sample,True,pending,,,
0d64e5545de5223fab04a16888c1c050b973f08bb4b5fe4c923268b7f3e3a619,P04,P04:WBS:6,P04:WBS:9,FF,0.0,none,source_reciprocal,wbs,Primary Dataset/P021 - P04 Regional Arterial Pavement Repairs.xlsx,Program Links,"[{""evidence_id"":""P04:D9:1"",""source_cell"":""D9"",""source_field"":""predecessors_raw"",""stored_expression"":""6FF"",""interpreted_token"":""6FF"",""reference"":""6"",""original_dependency_type"":""FF"",""dependency_type"":""FF"",""lag"":0.0,""lag_unit"":""none""},{""evidence_id"":""P04:E6:2"",""source_cell"":""E6"",""source_field"":""successors_raw"",""stored_expression"":""8FF,9FF,10"",""interpreted_token"":""9FF"",""reference"":""9"",""original_dependency_type"":""FF"",""dependency_type"":""FF"",""lag"":0.0,""lag_unit"":""none""}]",seed_42_project_sample,True,pending,,,
c8420f9e89154f08b0017c9af029cd0a7f11826250195163d929d7198b58f6d2,P04,P04:WBS:4,P04:WBS:8,FF,0.0,none,source_reciprocal,wbs,Primary Dataset/P021 - P04 Regional Arterial Pavement Repairs.xlsx,Program Links,"[{""evidence_id"":""P04:D8:2"",""source_cell"":""D8"",""source_field"":""predecessors_raw"",""stored_expression"":""6FF,4FF"",""interpreted_token"":""4FF"",""reference"":""4"",""original_dependency_type"":""FF"",""dependency_type"":""FF"",""lag"":0.0,""lag_unit"":""none""},{""evidence_id"":""P04:E4:2"",""source_cell"":""E4"",""source_field"":""successors_raw"",""stored_expression"":""6,8FF,7FF"",""interpreted_token"":""8FF"",""reference"":""8"",""original_dependency_type"":""FF"",""dependency_type"":""FF"",""lag"":0.0,""lag_unit"":""none""}]",seed_42_project_sample,True,pending,,,
f2649080933858d700f7ea22214a72bad37dcda032747dec7d1339e91605aea6,P04,P04:WBS:6,P04:WBS:8,FF,0.0,none,source_reciprocal,wbs,Primary Dataset/P021 - P04 Regional Arterial Pavement Repairs.xlsx,Program Links,"[{""evidence_id"":""P04:D8:1"",""source_cell"":""D8"",""source_field"":""predecessors_raw"",""stored_expression"":""6FF,4FF"",""interpreted_token"":""6FF"",""reference"":""6"",""original_dependency_type"":""FF"",""dependency_type"":""FF"",""lag"":0.0,""lag_unit"":""none""},{""evidence_id"":""P04:E6:1"",""source_cell"":""E6"",""source_field"":""successors_raw"",""stored_expression"":""8FF,9FF,10"",""interpreted_token"":""8FF"",""reference"":""8"",""original_dependency_type"":""FF"",""dependency_type"":""FF"",""lag"":0.0,""lag_unit"":""none""}]",seed_42_project_sample,True,pending,,,
d1fb9af36676e8fbc7ff0c2d6a61aac3962be12a112a8f4767287ee786451232,P05,P05:WBS:56,P05:WBS:57,FS,0.0,none,source_reciprocal,worksheet_row,Primary Dataset/P022 - P05 Semi-Urban Road Reconstruction.xlsx,Program Links,"[{""evidence_id"":""P05:D56:1"",""source_cell"":""D56"",""source_field"":""predecessors_raw"",""stored_expression"":""55"",""interpreted_token"":""55"",""reference"":""55"",""original_dependency_type"":""FS"",""dependency_type"":""FS"",""lag"":0.0,""lag_unit"":""none""},{""evidence_id"":""P05:E55:2"",""source_cell"":""E55"",""source_field"":""successors_raw"",""stored_expression"":""71FS+3 days,56"",""interpreted_token"":""56"",""reference"":""56"",""original_dependency_type"":""FS"",""dependency_type"":""FS"",""lag"":0.0,""lag_unit"":""none""}]",seed_42_project_sample,True,pending,,,
59a0c4eba88d012ed74c7568963e379914809a49c00d05b760f35f642601181a,P05,P05:WBS:59,P05:WBS:73,FS,3.0,days,source_reciprocal,worksheet_row,Primary Dataset/P022 - P05 Semi-Urban Road Reconstruction.xlsx,Program Links,"[{""evidence_id"":""P05:D72:1"",""source_cell"":""D72"",""source_field"":""predecessors_raw"",""stored_expression"":""58FS+3 days,81"",""interpreted_token"":""58FS+3 days"",""reference"":""58"",""original_dependency_type"":""FS"",""dependency_type"":""FS"",""lag"":3.0,""lag_unit"":""days""},{""evidence_id"":""P05:E58:1"",""source_cell"":""E58"",""source_field"":""successors_raw"",""stored_expression"":""72FS+3 days,59"",""interpreted_token"":""72FS+3 days"",""reference"":""72"",""original_dependency_type"":""FS"",""dependency_type"":""FS"",""lag"":3.0,""lag_unit"":""days""}]",seed_42_project_sample,True,pending,,,
fe199de9eea51f2a3de2b939418e54421ef03aa8797c5e8836726a0ae83d5d0e,P05,P05:WBS:41,P05:WBS:40,FS,0.0,none,source_reciprocal,worksheet_row,Primary Dataset/P022 - P05 Semi-Urban Road Reconstruction.xlsx,Program Links,"[{""evidence_id"":""P05:D39:1"",""source_cell"":""D39"",""source_field"":""predecessors_raw"",""stored_expression"":""40"",""interpreted_token"":""40"",""reference"":""40"",""original_dependency_type"":""FS"",""dependency_type"":""FS"",""lag"":0.0,""lag_unit"":""none""},{""evidence_id"":""P05:E40:1"",""source_cell"":""E40"",""source_field"":""successors_raw"",""stored_expression"":""39,38,41"",""interpreted_token"":""39"",""reference"":""39"",""original_dependency_type"":""FS"",""dependency_type"":""FS"",""lag"":0.0,""lag_unit"":""none""}]",seed_42_project_sample,True,pending,,,
ca14eded6ce935cc83416727fac1c4d16879bc2789c1566c26500bcae409a7e2,P05,P05:WBS:28,P05:WBS:26,FS,0.0,none,source_reciprocal,worksheet_row,Primary Dataset/P022 - P05 Semi-Urban Road Reconstruction.xlsx,Program Links,"[{""evidence_id"":""P05:D25:2"",""source_cell"":""D25"",""source_field"":""predecessors_raw"",""stored_expression"":""23,27"",""interpreted_token"":""27"",""reference"":""27"",""original_dependency_type"":""FS"",""dependency_type"":""FS"",""lag"":0.0,""lag_unit"":""none""},{""evidence_id"":""P05:E27:1"",""source_cell"":""E27"",""source_field"":""successors_raw"",""stored_expression"":""25,118FF"",""interpreted_token"":""25"",""reference"":""25"",""original_dependency_type"":""FS"",""dependency_type"":""FS"",""lag"":0.0,""lag_unit"":""none""}]",seed_42_project_sample,True,pending,,,
37fe8df0340c429456a9d3bcc8cdf09cec26d838b4f3a05b43f0877eda2d0dab,P05,P05:WBS:54,P05:WBS:70,FS,0.0,none,source_reciprocal,worksheet_row,Primary Dataset/P022 - P05 Semi-Urban Road Reconstruction.xlsx,Program Links,"[{""evidence_id"":""P05:D69:1"",""source_cell"":""D69"",""source_field"":""predecessors_raw"",""stored_expression"":""53"",""interpreted_token"":""53"",""reference"":""53"",""original_dependency_type"":""FS"",""dependency_type"":""FS"",""lag"":0.0,""lag_unit"":""none""},{""evidence_id"":""P05:E53:2"",""source_cell"":""E53"",""source_field"":""successors_raw"",""stored_expression"":""54,69"",""interpreted_token"":""69"",""reference"":""69"",""original_dependency_type"":""FS"",""dependency_type"":""FS"",""lag"":0.0,""lag_unit"":""none""}]",seed_42_project_sample,True,pending,,,
9f8bc913a5b722ba7e54e50d8656bcc9a639a1538c20d332995e3f079e04bfa3,P06,P06:WBS:221,P06:WBS:224,FS,0.0,none,source_reciprocal,worksheet_row,Primary Dataset/P024 - P06 Urban Road Reconstruction.xlsx,Program Links,"[{""evidence_id"":""P06:D231:1"",""source_cell"":""D231"",""source_field"":""predecessors_raw"",""stored_expression"":""228,287FS+5 days"",""interpreted_token"":""228"",""reference"":""228"",""original_dependency_type"":""FS"",""dependency_type"":""FS"",""lag"":0.0,""lag_unit"":""none""},{""evidence_id"":""P06:E228:1"",""source_cell"":""E228"",""source_field"":""successors_raw"",""stored_expression"":""231235287"",""interpreted_token"":""231"",""reference"":""231"",""original_dependency_type"":""FS"",""dependency_type"":""FS"",""lag"":0.0,""lag_unit"":""none""}]",seed_42_project_sample,True,pending,,,
b81e7a948a91faa27240fb850bd85267ab030835a94cb85acb5ad6cfd2b77715,P06,P06:WBS:55,P06:WBS:63,FS,0.0,none,source_reciprocal,worksheet_row,Primary Dataset/P024 - P06 Urban Road Reconstruction.xlsx,Program Links,"[{""evidence_id"":""P06:D64:1"",""source_cell"":""D64"",""source_field"":""predecessors_raw"",""stored_expression"":""56"",""interpreted_token"":""56"",""reference"":""56"",""original_dependency_type"":""FS"",""dependency_type"":""FS"",""lag"":0.0,""lag_unit"":""none""},{""evidence_id"":""P06:E56:2"",""source_cell"":""E56"",""source_field"":""successors_raw"",""stored_expression"":""57,64,247"",""interpreted_token"":""64"",""reference"":""64"",""original_dependency_type"":""FS"",""dependency_type"":""FS"",""lag"":0.0,""lag_unit"":""none""}]",seed_42_project_sample,True,pending,,,
db798335afb11043626c6b39584d9a4dfe2978e70c14b35ea6aeea0d91d81ca1,P06,P06:WBS:110,P06:WBS:DSV04,FS,0.0,none,source_reciprocal,worksheet_row,Primary Dataset/P024 - P06 Urban Road Reconstruction.xlsx,Program Links,"[{""evidence_id"":""P06:D261:1"",""source_cell"":""D261"",""source_field"":""predecessors_raw"",""stored_expression"":""113"",""interpreted_token"":""113"",""reference"":""113"",""original_dependency_type"":""FS"",""dependency_type"":""FS"",""lag"":0.0,""lag_unit"":""none""},{""evidence_id"":""P06:E113:2"",""source_cell"":""E113"",""source_field"":""successors_raw"",""stored_expression"":""114FS+7 days,261"",""interpreted_token"":""261"",""reference"":""261"",""original_dependency_type"":""FS"",""dependency_type"":""FS"",""lag"":0.0,""lag_unit"":""none""}]",seed_42_project_sample,True,pending,,,
60a8f460a028ebe254efb4adc0150a8ce5778cbde1d1cb17b8695d8fd94b5316,P06,P06:WBS:221,P06:WBS:228,FS,0.0,none,source_reciprocal,worksheet_row,Primary Dataset/P024 - P06 Urban Road Reconstruction.xlsx,Program Links,"[{""evidence_id"":""P06:D235:1"",""source_cell"":""D235"",""source_field"":""predecessors_raw"",""stored_expression"":""228"",""interpreted_token"":""228"",""reference"":""228"",""original_dependency_type"":""FS"",""dependency_type"":""FS"",""lag"":0.0,""lag_unit"":""none""},{""evidence_id"":""P06:E228:2"",""source_cell"":""E228"",""source_field"":""successors_raw"",""stored_expression"":""231235287"",""interpreted_token"":""235"",""reference"":""235"",""original_dependency_type"":""FS"",""dependency_type"":""FS"",""lag"":0.0,""lag_unit"":""none""}]",seed_42_project_sample,True,pending,,,
2fb21b5827385659b606b05ac2d3a9904dcad58436028fe5634b8c50bf821e4c,P06,P06:WBS:149,P06:WBS:150,FS,0.0,none,source_reciprocal,worksheet_row,Primary Dataset/P024 - P06 Urban Road Reconstruction.xlsx,Program Links,"[{""evidence_id"":""P06:D155:1"",""source_cell"":""D155"",""source_field"":""predecessors_raw"",""stored_expression"":""154"",""interpreted_token"":""154"",""reference"":""154"",""original_dependency_type"":""FS"",""dependency_type"":""FS"",""lag"":0.0,""lag_unit"":""none""},{""evidence_id"":""P06:E154:1"",""source_cell"":""E154"",""source_field"":""successors_raw"",""stored_expression"":""155"",""interpreted_token"":""155"",""reference"":""155"",""original_dependency_type"":""FS"",""dependency_type"":""FS"",""lag"":0.0,""lag_unit"":""none""}]",seed_42_project_sample,True,pending,,,
cac4389fda7620d7bb42457ada2efad74b9925a54aba8c420a73967d7e3a0516,P17,P17:WBS:40,P17:WBS:41,FF,0.0,none,source_reciprocal,wbs,Primary Dataset/P038 - P17 Marina Sub-division.xlsx,Program Links,"[{""evidence_id"":""P17:E41:1"",""source_cell"":""E41"",""source_field"":""predecessors_raw"",""stored_expression"":""40FF"",""interpreted_token"":""40FF"",""reference"":""40"",""original_dependency_type"":""FF"",""dependency_type"":""FF"",""lag"":0.0,""lag_unit"":""none""},{""evidence_id"":""P17:F40:1"",""source_cell"":""F40"",""source_field"":""successors_raw"",""stored_expression"":""41FF"",""interpreted_token"":""41FF"",""reference"":""41"",""original_dependency_type"":""FF"",""dependency_type"":""FF"",""lag"":0.0,""lag_unit"":""none""}]",seed_42_project_sample,True,pending,,,
f0bf151e83a05390a758c5a268ae61e7b1a5409ae0c323ee0b1e0058a764641c,P17,P17:WBS:94,P17:WBS:26,FS,0.0,none,source_reciprocal,wbs,Primary Dataset/P038 - P17 Marina Sub-division.xlsx,Program Links,"[{""evidence_id"":""P17:E26:6"",""source_cell"":""E26"",""source_field"":""predecessors_raw"",""stored_expression"":""23FF,20,21,12,93,94,92"",""interpreted_token"":""94"",""reference"":""94"",""original_dependency_type"":""FS"",""dependency_type"":""FS"",""lag"":0.0,""lag_unit"":""none""},{""evidence_id"":""P17:F94:1"",""source_cell"":""F94"",""source_field"":""successors_raw"",""stored_expression"":""26"",""interpreted_token"":""26"",""reference"":""26"",""original_dependency_type"":""FS"",""dependency_type"":""FS"",""lag"":0.0,""lag_unit"":""none""}]",seed_42_project_sample,True,pending,,,
8f056967767bc26555d3abb66a85a8677c6044f3d44fa5ab3e1597570fb25ef2,P17,P17:WBS:6,P17:WBS:7,FS,0.0,none,source_reciprocal,wbs,Primary Dataset/P038 - P17 Marina Sub-division.xlsx,Program Links,"[{""evidence_id"":""P17:E7:1"",""source_cell"":""E7"",""source_field"":""predecessors_raw"",""stored_expression"":""6"",""interpreted_token"":""6"",""reference"":""6"",""original_dependency_type"":""FS"",""dependency_type"":""FS"",""lag"":0.0,""lag_unit"":""none""},{""evidence_id"":""P17:F6:1"",""source_cell"":""F6"",""source_field"":""successors_raw"",""stored_expression"":""7"",""interpreted_token"":""7"",""reference"":""7"",""original_dependency_type"":""FS"",""dependency_type"":""FS"",""lag"":0.0,""lag_unit"":""none""}]",seed_42_project_sample,True,pending,,,
94453344931e48b74b00e88a9b829d059e096389af4a0997afe4712e4923eb83,P17,P17:WBS:51,P17:WBS:52,FS,0.0,none,source_reciprocal,wbs,Primary Dataset/P038 - P17 Marina Sub-division.xlsx,Program Links,"[{""evidence_id"":""P17:E52:1"",""source_cell"":""E52"",""source_field"":""predecessors_raw"",""stored_expression"":""51"",""interpreted_token"":""51"",""reference"":""51"",""original_dependency_type"":""FS"",""dependency_type"":""FS"",""lag"":0.0,""lag_unit"":""none""},{""evidence_id"":""P17:F51:1"",""source_cell"":""F51"",""source_field"":""successors_raw"",""stored_expression"":""52"",""interpreted_token"":""52"",""reference"":""52"",""original_dependency_type"":""FS"",""dependency_type"":""FS"",""lag"":0.0,""lag_unit"":""none""}]",seed_42_project_sample,True,pending,,,
eae9dcde0a355a72a3c39e10aec179e90d30caf43986e27828ad04737fa11b3a,P17,P17:WBS:85,P17:WBS:87,FS,0.0,none,source_reciprocal,wbs,Primary Dataset/P038 - P17 Marina Sub-division.xlsx,Program Links,"[{""evidence_id"":""P17:E87:2"",""source_cell"":""E87"",""source_field"":""predecessors_raw"",""stored_expression"":""86,85"",""interpreted_token"":""85"",""reference"":""85"",""original_dependency_type"":""FS"",""dependency_type"":""FS"",""lag"":0.0,""lag_unit"":""none""},{""evidence_id"":""P17:F85:1"",""source_cell"":""F85"",""source_field"":""successors_raw"",""stored_expression"":""87"",""interpreted_token"":""87"",""reference"":""87"",""original_dependency_type"":""FS"",""dependency_type"":""FS"",""lag"":0.0,""lag_unit"":""none""}]",seed_42_project_sample,True,pending,,,
0e7d541da6a5c3b60135973d3b852227d4a74ecb918929ef364611fa02c52dd4,P18,P18:WBS:94.09,P18:WBS:101,FS,0.0,none,source_reciprocal,worksheet_row_minus_one,Primary Dataset/P039 - P18 Rural Road Repairs.xlsx,Program Links,"[{""evidence_id"":""P18:D206:9"",""source_cell"":""D206"",""source_field"":""predecessors_raw"",""stored_expression"":""160,161,162,163,164,165,166,167FF,168,169,170,171,172"",""interpreted_token"":""168"",""reference"":""168"",""original_dependency_type"":""FS"",""dependency_type"":""FS"",""lag"":0.0,""lag_unit"":""none""},{""evidence_id"":""P18:E169:2"",""source_cell"":""E169"",""source_field"":""successors_raw"",""stored_expression"":""196205"",""interpreted_token"":""205"",""reference"":""205"",""original_dependency_type"":""FS"",""dependency_type"":""FS"",""lag"":0.0,""lag_unit"":""none""}]",seed_42_project_sample,True,pending,,,
181dcd40227ec96368151925489f658f5657ebce8d7ee19b10ba32a4099c9ea3,P18,P18:WBS:53,P18:ROW:208,FS,0.0,none,source_reciprocal,worksheet_row_minus_one,Primary Dataset/P039 - P18 Rural Road Repairs.xlsx,Program Links,"[{""evidence_id"":""P18:D208:5"",""source_cell"":""D208"",""source_field"":""predecessors_raw"",""stored_expression"":""206,204,8,6,53"",""interpreted_token"":""53"",""reference"":""53"",""original_dependency_type"":""FS"",""dependency_type"":""FS"",""lag"":0.0,""lag_unit"":""none""},{""evidence_id"":""P18:E54:1"",""source_cell"":""E54"",""source_field"":""successors_raw"",""stored_expression"":""207"",""interpreted_token"":""207"",""reference"":""207"",""original_dependency_type"":""FS"",""dependency_type"":""FS"",""lag"":0.0,""lag_unit"":""none""}]",seed_42_project_sample,True,pending,,,
716159f0f3be8282c32e0da3b1a2980b428656373fbb9311429890e0ee0b3443,P18,P18:WBS:101,P18:WBS:102,FS,0.0,none,source_reciprocal,worksheet_row_minus_one,Primary Dataset/P039 - P18 Rural Road Repairs.xlsx,Program Links,"[{""evidence_id"":""P18:D207:1"",""source_cell"":""D207"",""source_field"":""predecessors_raw"",""stored_expression"":""205"",""interpreted_token"":""205"",""reference"":""205"",""original_dependency_type"":""FS"",""dependency_type"":""FS"",""lag"":0.0,""lag_unit"":""none""},{""evidence_id"":""P18:E206:1"",""source_cell"":""E206"",""source_field"":""successors_raw"",""stored_expression"":""206204"",""interpreted_token"":""206"",""reference"":""206"",""original_dependency_type"":""FS"",""dependency_type"":""FS"",""lag"":0.0,""lag_unit"":""none""}]",seed_42_project_sample,True,pending,,,
98977d837221016d4f68ac5a8d74acc9079e831e022a2bb02e1bac834bbed18a,P18,P18:WBS:93.1,P18:WBS:94.1,FS,0.0,none,source_reciprocal,worksheet_row_minus_one,Primary Dataset/P039 - P18 Rural Road Repairs.xlsx,Program Links,"[{""evidence_id"":""P18:D170:1"",""source_cell"":""D170"",""source_field"":""predecessors_raw"",""stored_expression"":""155"",""interpreted_token"":""155"",""reference"":""155"",""original_dependency_type"":""FS"",""dependency_type"":""FS"",""lag"":0.0,""lag_unit"":""none""},{""evidence_id"":""P18:E156:1"",""source_cell"":""E156"",""source_field"":""successors_raw"",""stored_expression"":""169183"",""interpreted_token"":""169"",""reference"":""169"",""original_dependency_type"":""FS"",""dependency_type"":""FS"",""lag"":0.0,""lag_unit"":""none""}]",seed_42_project_sample,True,pending,,,
9fc35dec895dcb8fbada5e0e7f7b5d789c2bc08eab2e8203ac0bf6f24de5b4d5,P18,P18:WBS:16,P18:WBS:36,FS,0.0,none,source_reciprocal,worksheet_row_minus_one,Primary Dataset/P039 - P18 Rural Road Repairs.xlsx,Program Links,"[{""evidence_id"":""P18:D37:1"",""source_cell"":""D37"",""source_field"":""predecessors_raw"",""stored_expression"":""16"",""interpreted_token"":""16"",""reference"":""16"",""original_dependency_type"":""FS"",""dependency_type"":""FS"",""lag"":0.0,""lag_unit"":""none""},{""evidence_id"":""P18:E17:1"",""source_cell"":""E17"",""source_field"":""successors_raw"",""stored_expression"":""36"",""interpreted_token"":""36"",""reference"":""36"",""original_dependency_type"":""FS"",""dependency_type"":""FS"",""lag"":0.0,""lag_unit"":""none""}]",seed_42_project_sample,True,pending,,,
55494733494735522eb8818d38f82f64f84ce0c4606f1d9fc2d033d6a870fd7c,P06,P06:WBS:W01,P06:WBS:2,FF,0.0,none,declared_one_sided,worksheet_row,Primary Dataset/P024 - P06 Urban Road Reconstruction.xlsx,Program Links,"[{""evidence_id"":""P06:D3:19"",""source_cell"":""D3"",""source_field"":""predecessors_raw"",""stored_expression"":""22,50,79,92,117,150,180,210,4,23,51,80,93,118,151,181,211,242,291FF"",""interpreted_token"":""291FF"",""reference"":""291"",""original_dependency_type"":""FF"",""dependency_type"":""FF"",""lag"":0.0,""lag_unit"":""none""}]",complete_policy_category,True,pending,,,
9b2bc1c329be5208647bbe074ddd9ec2c8d5e762b4876d1883963e6c8e542080,P06,P06:WBS:700,P06:WBS:W01,FS,0.0,none,declared_one_sided,worksheet_row,Primary Dataset/P024 - P06 Urban Road Reconstruction.xlsx,Program Links,"[{""evidence_id"":""P06:E151:3"",""source_cell"":""E151"",""source_field"":""successors_raw"",""stored_expression"":""3152291"",""interpreted_token"":""291"",""reference"":""291"",""original_dependency_type"":""FS"",""dependency_type"":""FS"",""lag"":0.0,""lag_unit"":""none""}]",complete_policy_category,True,pending,,,
647ee5efa14fc223de843b1dc44450cbd18fd9b463f818835fdf6b5624ae214e,P06,P06:WBS:DS07,P06:WBS:146,FS,0.0,none,declared_one_sided,worksheet_row,Primary Dataset/P024 - P06 Urban Road Reconstruction.xlsx,Program Links,"[{""evidence_id"":""P06:E257:1"",""source_cell"":""E257"",""source_field"":""successors_raw"",""stored_expression"":""150"",""interpreted_token"":""150"",""reference"":""150"",""original_dependency_type"":""FS"",""dependency_type"":""FS"",""lag"":0.0,""lag_unit"":""none""}]",complete_policy_category,True,pending,,,
