variant,project_id,tasks,dependency_pairs,constraint_count,weak_components,isolated_tasks,cycle_groups,tasks_in_cycles,is_dag
source_only,P01,243,292,292,64,63,0,0,True
source_only,P02,44,41,41,15,14,0,0,True
source_only,P03,149,172,172,7,6,0,0,True
source_only,P04,8,6,6,3,2,0,0,True
source_only,P05,123,167,167,7,6,0,0,True
source_only,P06,289,400,400,3,2,0,0,True
source_only,P17,116,152,152,5,4,0,0,True
source_only,P18,207,229,229,24,23,0,0,True
multiple_neighbour,P01,243,292,292,64,63,0,0,True
multiple_neighbour,P02,44,50,50,10,9,0,0,True
multiple_neighbour,P03,149,191,191,2,1,0,0,True
multiple_neighbour,P04,8,6,6,3,2,0,0,True
multiple_neighbour,P05,123,167,167,7,6,0,0,True
multiple_neighbour,P06,289,400,400,3,2,0,0,True
multiple_neighbour,P17,116,155,155,4,3,0,0,True
multiple_neighbour,P18,207,229,229,24,23,0,0,True
all_inferred,P01,243,292,292,64,63,0,0,True
all_inferred,P02,44,50,50,10,9,0,0,True
all_inferred,P03,149,191,191,2,1,0,0,True
all_inferred,P04,8,6,6,3,2,0,0,True
all_inferred,P05,123,167,167,7,6,0,0,True
all_inferred,P06,289,400,400,3,2,0,0,True
all_inferred,P17,116,156,156,3,2,0,0,True
all_inferred,P18,207,229,229,24,23,0,0,True
accepted,P01,243,292,292,64,63,0,0,True
accepted,P02,44,50,50,10,9,0,0,True
accepted,P03,149,191,191,2,1,0,0,True
accepted,P04,8,6,6,3,2,0,0,True
accepted,P05,123,167,167,7,6,0,0,True
accepted,P06,289,401,401,3,2,0,0,True
accepted,P17,116,156,156,3,2,0,0,True
accepted,P18,207,229,229,24,23,0,0,True
optional_without_summary,P01,243,292,292,64,63,0,0,True
optional_without_summary,P02,44,50,50,10,9,0,0,True
optional_without_summary,P03,149,191,191,2,1,0,0,True
optional_without_summary,P04,8,6,6,3,2,0,0,True
optional_without_summary,P05,123,167,167,7,6,0,0,True
optional_without_summary,P06,289,403,403,2,1,0,0,True
optional_without_summary,P17,116,156,156,3,2,0,0,True
optional_without_summary,P18,207,229,229,24,23,0,0,True
all_optional,P01,243,292,292,64,63,0,0,True
all_optional,P02,44,50,50,10,9,0,0,True
all_optional,P03,149,191,191,2,1,0,0,True
all_optional,P04,8,6,6,3,2,0,0,True
all_optional,P05,123,167,167,7,6,0,0,True
all_optional,P06,289,404,404,2,1,0,0,True
all_optional,P17,116,156,156,3,2,0,0,True
all_optional,P18,207,229,229,24,23,0,0,True
