model,actual,predicted,count
Dummy_prior,0,0,0
Dummy_prior,0,1,310
Dummy_prior,1,0,0
Dummy_prior,1,1,490
Logistic_regression,0,0,152
Logistic_regression,0,1,158
Logistic_regression,1,0,104
Logistic_regression,1,1,386
Decision_tree,0,0,93
Decision_tree,0,1,217
Decision_tree,1,0,108
Decision_tree,1,1,382
Random_forest,0,0,86
Random_forest,0,1,224
Random_forest,1,0,64
Random_forest,1,1,426
XGBoost,0,0,142
XGBoost,0,1,168
XGBoost,1,0,87
XGBoost,1,1,403
Tuned_Logistic_regression,0,0,208
Tuned_Logistic_regression,0,1,102
Tuned_Logistic_regression,1,0,158
Tuned_Logistic_regression,1,1,332
