Project_ID,quadrant,feature,raw_value,was_missing,shap_log_odds
PROJ_0330,TP,Project_Type,IT,False,0.06560924978095738
PROJ_0330,TP,Team_Size,11,False,-0.01817664536376677
PROJ_0330,TP,Project_Budget_USD,858141.55,False,-0.08898011259617504
PROJ_0330,TP,Estimated_Timeline_Months,19,False,0.0023851167261542236
PROJ_0330,TP,Complexity_Score,8.43,False,0.40981484937915735
PROJ_0330,TP,Stakeholder_Count,12,False,-0.02365614776299008
PROJ_0330,TP,Methodology_Used,Scrum,False,-0.20421336925345385
PROJ_0330,TP,Team_Experience_Level,Mixed,False,0.3036072526091814
PROJ_0330,TP,Past_Similar_Projects,1,False,0.0025302404688410805
PROJ_0330,TP,External_Dependencies_Count,4,False,-0.03616892903970651
PROJ_0330,TP,Change_Request_Frequency,1.24,False,-0.15216290065243976
PROJ_0330,TP,Requirement_Stability,Moderate,False,0.0009639557879997608
PROJ_0330,TP,Team_Turnover_Rate,0.13,False,-0.03489039829150057
PROJ_0330,TP,Vendor_Reliability_Score,0.86,False,0.019502270856875187
PROJ_0330,TP,Historical_Risk_Incidents,2,False,0.03762637935559214
PROJ_0330,TP,Communication_Frequency,5.54,False,0.013435760692243597
PROJ_0330,TP,Regulatory_Compliance_Level,Low,False,-0.0012486216668544051
PROJ_0330,TP,Technology_Familiarity,Familiar,False,0.01707161742692786
PROJ_0330,TP,Geographical_Distribution,4,False,-0.022073880249254767
PROJ_0330,TP,Stakeholder_Engagement_Level,High,False,0.5719471182009673
PROJ_0330,TP,Schedule_Pressure,0.1,False,0.002602525822871545
PROJ_0330,TP,Executive_Sponsorship,Weak,False,-0.4050756481404
PROJ_0330,TP,Funding_Source,Mixed,False,0.2214021461369989
PROJ_0330,TP,Market_Volatility,0.66,False,-0.020928691147379386
PROJ_0330,TP,Integration_Complexity,8.23,False,0.08835872358360836
PROJ_0330,TP,Resource_Availability,0.6,False,0.01793411405367171
PROJ_0330,TP,Priority_Level,Medium,False,-0.13725191518696855
PROJ_0330,TP,Organizational_Change_Frequency,0.52,False,-0.009135560165434991
PROJ_0330,TP,Cross_Functional_Dependencies,7,False,-0.05841737571493629
PROJ_0330,TP,Previous_Delivery_Success_Rate,0.94,False,-0.11610958519461186
PROJ_0330,TP,Technical_Debt_Level,1.0,False,0.4044916817894137
PROJ_0330,TP,Project_Manager_Experience,Junior PM,False,0.043361829604530396
PROJ_0330,TP,Org_Process_Maturity,Ad-hoc,False,-0.09596427813961295
PROJ_0330,TP,Data_Security_Requirements,High,False,-0.02290265175413851
PROJ_0330,TP,Key_Stakeholder_Availability,Excellent,False,-0.018834154574549913
PROJ_0330,TP,Tech_Environment_Stability,Mixed,False,-0.04535887437284458
PROJ_0330,TP,Contract_Type,Time & Materials,False,0.06701799580510823
PROJ_0330,TP,Resource_Contention_Level,Medium,False,0.057460249324686886
PROJ_0330,TP,Industry_Volatility,Extreme,False,0.11090575903691478
PROJ_0330,TP,Client_Experience_Level,Occasional,False,-0.020684813072683224
PROJ_0330,TP,Change_Control_Maturity,None,False,-0.4734482764137311
PROJ_0330,TP,Risk_Management_Maturity,Basic,False,0.23788252508318683
PROJ_0330,TP,Team_Colocation,Fully Remote,False,-0.019354728501303077
PROJ_0330,TP,Documentation_Quality,Good,False,0.00827738059273061
PROJ_0330,TP,Project_Start_Month,11,False,0.1137335321005209
PROJ_0330,TP,Seasonal_Risk_Factor,1.1,False,-0.04524578553413818
PROJ_1594,TN,Project_Type,Construction,False,-0.17137624305074622
PROJ_1594,TN,Team_Size,38,False,0.09193849693250646
PROJ_1594,TN,Project_Budget_USD,2244476.65,False,0.3391988264095279
PROJ_1594,TN,Estimated_Timeline_Months,33,False,0.02086544002807557
PROJ_1594,TN,Complexity_Score,8.89,False,0.49434827869533693
PROJ_1594,TN,Stakeholder_Count,19,False,-0.22204540642677792
PROJ_1594,TN,Methodology_Used,Waterfall,False,-0.43205939027502144
PROJ_1594,TN,Team_Experience_Level,Senior,False,-0.46550642665628306
PROJ_1594,TN,Past_Similar_Projects,2,False,-0.00015971617577402206
PROJ_1594,TN,External_Dependencies_Count,5,False,-0.07763814184051662
PROJ_1594,TN,Change_Request_Frequency,1.26,False,-0.14454111977747114
PROJ_1594,TN,Requirement_Stability,Moderate,False,0.0009639557879997608
PROJ_1594,TN,Team_Turnover_Rate,0.54,False,0.052403796026561845
PROJ_1594,TN,Vendor_Reliability_Score,0.56,False,-0.019651544778986917
PROJ_1594,TN,Historical_Risk_Incidents,2,False,0.03762637935559214
PROJ_1594,TN,Communication_Frequency,1.38,False,-0.015589499540882191
PROJ_1594,TN,Regulatory_Compliance_Level,Medium,False,-0.05863471224524896
PROJ_1594,TN,Technology_Familiarity,New,False,-0.09528083349086662
PROJ_1594,TN,Geographical_Distribution,1,False,0.04513488930128305
PROJ_1594,TN,Stakeholder_Engagement_Level,Poor,False,-0.6250186693130767
PROJ_1594,TN,Schedule_Pressure,0.0,False,-0.002911665154542836
PROJ_1594,TN,Executive_Sponsorship,Moderate,False,0.2564728424350639
PROJ_1594,TN,Funding_Source,Mixed,False,0.2214021461369989
PROJ_1594,TN,Market_Volatility,0.31,False,0.023218013096000367
PROJ_1594,TN,Integration_Complexity,2.82,False,-0.09292559731455254
PROJ_1594,TN,Resource_Availability,0.84,False,-0.06587627655859471
PROJ_1594,TN,Priority_Level,Medium,False,-0.13725191518696855
PROJ_1594,TN,Organizational_Change_Frequency,2.16,False,0.01227922442818786
PROJ_1594,TN,Cross_Functional_Dependencies,4,False,-0.007513608186263471
PROJ_1594,TN,Previous_Delivery_Success_Rate,0.61,False,0.08500203578970776
PROJ_1594,TN,Technical_Debt_Level,0.0,False,-0.08463588235741976
PROJ_1594,TN,Project_Manager_Experience,Senior PM,False,-0.04651567241065872
PROJ_1594,TN,Org_Process_Maturity,Managed,False,-0.0505860194065272
PROJ_1594,TN,Data_Security_Requirements,Medium,False,0.007572887436109683
PROJ_1594,TN,Key_Stakeholder_Availability,Moderate,False,-0.009040448058572414
PROJ_1594,TN,Tech_Environment_Stability,,True,-0.026930147206714803
PROJ_1594,TN,Contract_Type,Hybrid,False,-0.04761041677714058
PROJ_1594,TN,Resource_Contention_Level,Medium,False,0.057460249324686886
PROJ_1594,TN,Industry_Volatility,High,False,0.08249033022962202
PROJ_1594,TN,Client_Experience_Level,Occasional,False,-0.020684813072683224
PROJ_1594,TN,Change_Control_Maturity,Basic,False,0.2545351645466073
PROJ_1594,TN,Risk_Management_Maturity,Formal,False,-0.07509924277682406
PROJ_1594,TN,Team_Colocation,Fully Remote,False,-0.019354728501303077
PROJ_1594,TN,Documentation_Quality,Excellent,False,-0.004863733516379367
PROJ_1594,TN,Project_Start_Month,3,False,-0.0862787246675862
PROJ_1594,TN,Seasonal_Risk_Factor,1.0,False,0.005503080119294067
PROJ_1553,FP,Project_Type,IT,False,0.06560924978095738
PROJ_1553,FP,Team_Size,17,False,0.006293386257627279
PROJ_1553,FP,Project_Budget_USD,1661131.97,False,0.1590288904705033
PROJ_1553,FP,Estimated_Timeline_Months,21,False,0.005025162912142987
PROJ_1553,FP,Complexity_Score,9.32,False,0.5733686582735047
PROJ_1553,FP,Stakeholder_Count,15,False,-0.1086801157617563
PROJ_1553,FP,Methodology_Used,Agile,False,0.3743216432493787
PROJ_1553,FP,Team_Experience_Level,Senior,False,-0.46550642665628306
PROJ_1553,FP,Past_Similar_Projects,4,False,-0.005539629465004228
PROJ_1553,FP,External_Dependencies_Count,5,False,-0.07763814184051662
PROJ_1553,FP,Change_Request_Frequency,0.97,False,-0.25505694246451605
PROJ_1553,FP,Requirement_Stability,Moderate,False,0.0009639557879997608
PROJ_1553,FP,Team_Turnover_Rate,0.07,False,-0.047665158435607265
PROJ_1553,FP,Vendor_Reliability_Score,0.5,False,-0.027482307906159346
PROJ_1553,FP,Historical_Risk_Incidents,0,False,-0.11753394788396312
PROJ_1553,FP,Communication_Frequency,3.16,False,-0.0031700372295927906
PROJ_1553,FP,Regulatory_Compliance_Level,Low,False,-0.0012486216668544051
PROJ_1553,FP,Technology_Familiarity,Expert,False,0.06336344098063534
PROJ_1553,FP,Geographical_Distribution,2,False,0.02273196611777045
PROJ_1553,FP,Stakeholder_Engagement_Level,Poor,False,-0.6250186693130767
PROJ_1553,FP,Schedule_Pressure,0.1,False,0.002602525822871545
PROJ_1553,FP,Executive_Sponsorship,Strong,False,-0.15252918417658595
PROJ_1553,FP,Funding_Source,Mixed,False,0.2214021461369989
PROJ_1553,FP,Market_Volatility,0.67,False,-0.022190025554333095
PROJ_1553,FP,Integration_Complexity,8.02,False,0.08132180909403092
PROJ_1553,FP,Resource_Availability,0.44,False,0.07380770779518266
PROJ_1553,FP,Priority_Level,Low,False,0.10272630785293765
PROJ_1553,FP,Organizational_Change_Frequency,1.0,False,-0.0028678183331551322
PROJ_1553,FP,Cross_Functional_Dependencies,4,False,-0.007513608186263471
PROJ_1553,FP,Previous_Delivery_Success_Rate,0.92,False,-0.10392100210465315
PROJ_1553,FP,Technical_Debt_Level,0.73,False,0.27242723946976866
PROJ_1553,FP,Project_Manager_Experience,Senior PM,False,-0.04651567241065872
PROJ_1553,FP,Org_Process_Maturity,Defined,False,0.0010547712850812949
PROJ_1553,FP,Data_Security_Requirements,Strict,False,-0.02939897270417443
PROJ_1553,FP,Key_Stakeholder_Availability,Moderate,False,-0.009040448058572414
PROJ_1553,FP,Tech_Environment_Stability,Legacy/Unstable,False,0.10644598655339767
PROJ_1553,FP,Contract_Type,Time & Materials,False,0.06701799580510823
PROJ_1553,FP,Resource_Contention_Level,Low,False,-0.03545739289607686
PROJ_1553,FP,Industry_Volatility,High,False,0.08249033022962202
PROJ_1553,FP,Client_Experience_Level,Strategic,False,0.003834092402352638
PROJ_1553,FP,Change_Control_Maturity,Basic,False,0.2545351645466073
PROJ_1553,FP,Risk_Management_Maturity,Formal,False,-0.07509924277682406
PROJ_1553,FP,Team_Colocation,Fully Colocated,False,-0.04590700019481202
PROJ_1553,FP,Documentation_Quality,Poor,False,-0.016297854289864556
PROJ_1553,FP,Project_Start_Month,9,False,0.06373046790849413
PROJ_1553,FP,Seasonal_Risk_Factor,1.0,False,0.005503080119294067
PROJ_1334,FN,Project_Type,Construction,False,-0.17137624305074622
PROJ_1334,FN,Team_Size,21,False,0.022606740671889974
PROJ_1334,FN,Project_Budget_USD,1353233.12,False,0.06393225552699214
PROJ_1334,FN,Estimated_Timeline_Months,17,False,-0.00025492945983453995
PROJ_1334,FN,Complexity_Score,3.41,False,-0.5127021401148008
PROJ_1334,FN,Stakeholder_Count,10,False,0.03302649756952074
PROJ_1334,FN,Methodology_Used,Waterfall,False,-0.43205939027502144
PROJ_1334,FN,Team_Experience_Level,Junior,False,0.12067005523158023
PROJ_1334,FN,Past_Similar_Projects,0,False,0.005220197113456184
PROJ_1334,FN,External_Dependencies_Count,1,False,0.08823870936272381
PROJ_1334,FN,Change_Request_Frequency,1.38,False,-0.09881043452765952
PROJ_1334,FN,Requirement_Stability,Stable,False,0.03283653531398584
PROJ_1334,FN,Team_Turnover_Rate,0.17,False,-0.026373891528762773
PROJ_1334,FN,Vendor_Reliability_Score,0.49,False,-0.02878743509402142
PROJ_1334,FN,Historical_Risk_Incidents,0,False,-0.11753394788396312
PROJ_1334,FN,Communication_Frequency,3.31,False,-0.0021234533269560442
PROJ_1334,FN,Regulatory_Compliance_Level,Medium,False,-0.05863471224524896
PROJ_1334,FN,Technology_Familiarity,Expert,False,0.06336344098063534
PROJ_1334,FN,Geographical_Distribution,1,False,0.04513488930128305
PROJ_1334,FN,Stakeholder_Engagement_Level,High,False,0.5719471182009673
PROJ_1334,FN,Schedule_Pressure,0.0,False,-0.002911665154542836
PROJ_1334,FN,Executive_Sponsorship,Weak,False,-0.4050756481404
PROJ_1334,FN,Funding_Source,Internal,False,-0.006175868280228453
PROJ_1334,FN,Market_Volatility,0.43,False,0.00808200021255588
PROJ_1334,FN,Integration_Complexity,7.26,False,0.055854880465084106
PROJ_1334,FN,Resource_Availability,0.58,False,0.024918313271360588
PROJ_1334,FN,Priority_Level,Medium,False,-0.13725191518696855
PROJ_1334,FN,Organizational_Change_Frequency,1.14,False,-0.0010397269654068416
PROJ_1334,FN,Cross_Functional_Dependencies,6,False,-0.041449453205378683
PROJ_1334,FN,Previous_Delivery_Success_Rate,0.81,False,-0.03688379510987995
PROJ_1334,FN,Technical_Debt_Level,0.0,False,-0.08463588235741976
PROJ_1334,FN,Project_Manager_Experience,Junior PM,False,0.043361829604530396
PROJ_1334,FN,Org_Process_Maturity,Defined,False,0.0010547712850812949
PROJ_1334,FN,Data_Security_Requirements,Medium,False,0.007572887436109683
PROJ_1334,FN,Key_Stakeholder_Availability,Moderate,False,-0.009040448058572414
PROJ_1334,FN,Tech_Environment_Stability,,True,-0.026930147206714803
PROJ_1334,FN,Contract_Type,Fixed-Price,False,-0.08453272673982724
PROJ_1334,FN,Resource_Contention_Level,Medium,False,0.057460249324686886
PROJ_1334,FN,Industry_Volatility,Stable,False,-0.08127780246890193
PROJ_1334,FN,Client_Experience_Level,Occasional,False,-0.020684813072683224
PROJ_1334,FN,Change_Control_Maturity,Basic,False,0.2545351645466073
PROJ_1334,FN,Risk_Management_Maturity,Basic,False,0.23788252508318683
PROJ_1334,FN,Team_Colocation,Partially Colocated,False,-0.0332148787066632
PROJ_1334,FN,Documentation_Quality,Poor,False,-0.016297854289864556
PROJ_1334,FN,Project_Start_Month,4,False,-0.06127719257157281
PROJ_1334,FN,Seasonal_Risk_Factor,1.0,False,0.005503080119294067
